Sl_No,Customer Key,Avg_Credit_Limit,Total_Credit_Cards,Total_visits_bank,Total_visits_online,Total_calls_made
1,87073,1.740186845665533,-1.2492247611185017,-0.860450628239986,-0.5474896948922904,-1.251537368038389
2,38414,0.4102925424543385,-0.7875851517466029,-1.4737307736378162,2.5205185953531863,1.891858812151053
3,17341,0.4102925424543385,1.058973285740992,-0.860450628239986,0.13428992516225993,0.14552760093469636
4,40496,-0.12166517883013926,0.13569406699719447,-0.860450628239986,-0.5474896948922904,0.14552760093469636
5,47437,1.740186845665533,0.5973336763690932,-1.4737307736378162,3.2022982154077364,-0.203738641308575
6,58634,-0.38764403947237813,-0.7875851517466029,-1.4737307736378162,-0.5474896948922904,1.5425925699077816
7,48370,1.740186845665533,0.13569406699719447,-1.4737307736378162,2.861408405380461,-0.5530048835518464
8,37376,-0.5206334697934976,-0.7875851517466029,-1.4737307736378162,-0.5474896948922904,-0.9022711257951177
9,82490,-0.7866123304357365,-1.2492247611185017,-1.4737307736378162,-0.2065998848650152,-0.5530048835518464
10,44770,-0.8398081025641843,-0.32594554237470424,-1.4737307736378162,-0.5474896948922904,1.1933263276645103
11,52741,-0.653622900114617,-0.32594554237470424,-1.4737307736378162,0.8160695452168102,0.4947938431779677
12,52326,-0.5738292419219454,-0.7875851517466029,-1.4737307736378162,-0.2065998848650152,1.1933263276645103
13,92503,-0.6270250140503931,-1.7108643704904003,-0.2471704828421557,0.8160695452168102,1.891858812151053
14,25084,-0.680220786178841,-1.7108643704904003,-0.860450628239986,0.8160695452168102,0.844060085421239
15,68517,-0.7600144443715126,-1.2492247611185017,-0.2471704828421557,0.4751797351895351,0.844060085421239
16,55196,-0.7068186722430648,-1.2492247611185017,-1.4737307736378162,0.8160695452168102,1.1933263276645103
17,62617,-0.5206334697934976,-1.2492247611185017,-0.860450628239986,-0.2065998848650152,0.14552760093469636
18,96463,-0.7068186722430648,-1.2492247611185017,-1.4737307736378162,0.13428992516225993,0.14552760093469636
19,39137,-0.6270250140503931,-1.2492247611185017,-0.2471704828421557,-0.2065998848650152,1.1933263276645103
20,14309,-0.41424192553660205,-0.32594554237470424,-0.860450628239986,0.8160695452168102,1.5425925699077816
21,29794,-0.7866123304357365,-0.7875851517466029,-0.2471704828421557,0.8160695452168102,0.4947938431779677
22,87241,-0.4940355837292737,-1.2492247611185017,-1.4737307736378162,0.13428992516225993,1.1933263276645103
23,30507,-0.7600144443715126,-0.32594554237470424,-0.860450628239986,0.4751797351895351,0.844060085421239
24,61061,-0.680220786178841,-1.7108643704904003,-0.860450628239986,0.13428992516225993,0.14552760093469636
25,24001,-0.7068186722430648,-1.2492247611185017,-1.4737307736378162,-0.2065998848650152,2.2411250543943244
26,68067,-0.4408398116008259,-1.7108643704904003,-0.860450628239986,0.8160695452168102,2.2411250543943244
27,65034,-0.4940355837292737,-0.7875851517466029,-1.4737307736378162,0.8160695452168102,1.891858812151053
28,14854,-0.680220786178841,-1.2492247611185017,-0.2471704828421557,-0.2065998848650152,2.2411250543943244
29,81130,-0.7866123304357365,-1.2492247611185017,-1.4737307736378162,0.4751797351895351,0.844060085421239
30,29112,-0.7068186722430648,-0.32594554237470424,-1.4737307736378162,0.4751797351895351,1.1933263276645103
31,13999,-0.4940355837292737,-0.7875851517466029,-0.860450628239986,0.8160695452168102,0.14552760093469636
32,32550,-0.6270250140503931,-0.7875851517466029,-0.860450628239986,0.8160695452168102,0.844060085421239
33,82164,-0.7600144443715126,-1.7108643704904003,-1.4737307736378162,0.8160695452168102,2.2411250543943244
34,61517,-0.4940355837292737,-1.7108643704904003,-1.4737307736378162,0.8160695452168102,0.844060085421239
35,28254,-0.7068186722430648,-0.32594554237470424,-0.860450628239986,0.13428992516225993,2.2411250543943244
36,30888,-0.41424192553660205,-1.2492247611185017,-1.4737307736378162,0.4751797351895351,0.14552760093469636
37,46388,-0.680220786178841,-0.7875851517466029,-0.860450628239986,0.4751797351895351,2.2411250543943244
38,74126,-0.46743769766504983,-1.2492247611185017,-1.4737307736378162,0.4751797351895351,0.844060085421239
39,52142,-0.5738292419219454,-0.32594554237470424,-0.860450628239986,0.13428992516225993,2.2411250543943244
40,37659,-0.653622900114617,-1.2492247611185017,-0.2471704828421557,0.4751797351895351,1.891858812151053
41,83132,-0.41424192553660205,-0.32594554237470424,-0.2471704828421557,0.8160695452168102,1.891858812151053
42,20119,-0.653622900114617,-1.7108643704904003,-0.860450628239986,-0.2065998848650152,1.1933263276645103
43,52363,-0.4940355837292737,-0.32594554237470424,-0.2471704828421557,0.13428992516225993,0.14552760093469636
44,50769,-0.38764403947237813,-1.2492247611185017,-1.4737307736378162,0.4751797351895351,0.14552760093469636
45,68502,-0.6270250140503931,-0.32594554237470424,-0.2471704828421557,0.4751797351895351,0.4947938431779677
46,99026,-0.5472313558577214,-0.32594554237470424,-0.860450628239986,0.4751797351895351,1.891858812151053
47,83326,-0.7866123304357365,-1.7108643704904003,-0.2471704828421557,-0.2065998848650152,0.4947938431779677
48,62040,-0.6270250140503931,-1.7108643704904003,-0.2471704828421557,-0.2065998848650152,0.844060085421239
49,37252,-0.7600144443715126,-0.32594554237470424,-1.4737307736378162,-0.2065998848650152,1.5425925699077816
50,74625,-0.5472313558577214,-0.7875851517466029,-0.2471704828421557,-0.2065998848650152,0.844060085421239
51,51182,-0.5738292419219454,-1.7108643704904003,-1.4737307736378162,0.8160695452168102,1.891858812151053
52,60301,-0.7600144443715126,-1.2492247611185017,-0.860450628239986,0.8160695452168102,0.4947938431779677
53,96386,-0.46743769766504983,-1.2492247611185017,-0.860450628239986,0.8160695452168102,1.5425925699077816
54,43886,-0.680220786178841,-0.7875851517466029,-1.4737307736378162,0.8160695452168102,1.891858812151053
55,78503,-0.5472313558577214,-1.2492247611185017,-1.4737307736378162,0.4751797351895351,1.891858812151053
56,68419,-0.7600144443715126,-1.7108643704904003,-0.2471704828421557,-0.2065998848650152,0.14552760093469636
57,32828,-0.7600144443715126,-1.7108643704904003,-1.4737307736378162,-0.2065998848650152,0.4947938431779677
58,17937,-0.7600144443715126,-1.2492247611185017,-1.4737307736378162,-0.2065998848650152,2.2411250543943244
59,71632,-0.680220786178841,-1.7108643704904003,-1.4737307736378162,0.4751797351895351,1.1933263276645103
60,81566,-0.41424192553660205,-0.32594554237470424,-0.860450628239986,0.4751797351895351,1.891858812151053
61,29759,-0.38764403947237813,-0.32594554237470424,-0.860450628239986,0.4751797351895351,1.1933263276645103
62,36929,-0.4408398116008259,-1.7108643704904003,-0.2471704828421557,-0.2065998848650152,1.891858812151053
63,70248,-0.7866123304357365,-1.7108643704904003,-1.4737307736378162,-0.2065998848650152,0.14552760093469636
64,91673,-0.5472313558577214,-0.7875851517466029,-1.4737307736378162,0.4751797351895351,0.844060085421239
65,61355,-0.6004271279861693,-1.7108643704904003,-1.4737307736378162,0.8160695452168102,1.891858812151053
66,60403,-0.4940355837292737,-1.7108643704904003,-0.860450628239986,0.4751797351895351,0.14552760093469636
67,85868,-0.41424192553660205,-1.2492247611185017,-1.4737307736378162,0.13428992516225993,0.844060085421239
68,76205,-0.680220786178841,-0.32594554237470424,-0.2471704828421557,-0.2065998848650152,0.844060085421239
69,66524,-0.7334165583072887,-1.7108643704904003,-0.2471704828421557,0.4751797351895351,2.2411250543943244
70,69214,-0.38764403947237813,-1.7108643704904003,-0.2471704828421557,0.13428992516225993,1.1933263276645103
71,21976,-0.5472313558577214,-1.7108643704904003,-0.2471704828421557,0.4751797351895351,1.1933263276645103
72,35149,-0.7600144443715126,-0.7875851517466029,-0.2471704828421557,-0.2065998848650152,1.1933263276645103
73,27120,-0.6270250140503931,-0.7875851517466029,-0.860450628239986,-0.2065998848650152,0.844060085421239
74,18821,-0.41424192553660205,-0.7875851517466029,-0.860450628239986,0.13428992516225993,0.844060085421239
75,33187,-0.7334165583072887,-1.2492247611185017,-1.4737307736378162,0.8160695452168102,1.5425925699077816
76,93482,-0.4940355837292737,-0.7875851517466029,-0.860450628239986,0.4751797351895351,0.844060085421239
77,90168,-0.46743769766504983,-1.7108643704904003,-0.2471704828421557,0.4751797351895351,0.844060085421239
78,71881,-0.5738292419219454,-0.7875851517466029,-0.860450628239986,0.4751797351895351,0.14552760093469636
79,59656,-0.7600144443715126,-1.2492247611185017,-1.4737307736378162,0.4751797351895351,2.2411250543943244
80,12026,-0.5206334697934976,-1.7108643704904003,-0.860450628239986,-0.2065998848650152,1.1933263276645103
81,99589,-0.38764403947237813,-1.2492247611185017,-0.2471704828421557,0.4751797351895351,1.5425925699077816
82,38970,-0.7334165583072887,-0.7875851517466029,-0.860450628239986,0.8160695452168102,0.4947938431779677
83,57990,-0.5738292419219454,-1.7108643704904003,-0.860450628239986,-0.2065998848650152,0.4947938431779677
84,39447,-0.5738292419219454,-0.7875851517466029,-0.860450628239986,0.4751797351895351,0.844060085421239
85,79694,-0.680220786178841,-0.7875851517466029,-0.2471704828421557,0.4751797351895351,0.4947938431779677
86,79403,-0.653622900114617,-1.7108643704904003,-0.860450628239986,0.4751797351895351,0.4947938431779677
87,47296,-0.7600144443715126,-0.32594554237470424,-0.860450628239986,0.13428992516225993,1.1933263276645103
88,37559,-0.7866123304357365,-0.32594554237470424,-0.860450628239986,-0.2065998848650152,0.4947938431779677
89,38165,-0.7068186722430648,-1.7108643704904003,-0.860450628239986,0.4751797351895351,1.5425925699077816
90,49198,-0.7334165583072887,-0.32594554237470424,-0.2471704828421557,0.4751797351895351,1.5425925699077816
91,18007,-0.5738292419219454,-1.2492247611185017,-0.860450628239986,0.4751797351895351,0.844060085421239
92,59619,-0.5738292419219454,-1.7108643704904003,-0.860450628239986,-0.2065998848650152,2.2411250543943244
93,37016,-0.7866123304357365,-1.7108643704904003,-0.860450628239986,0.4751797351895351,0.844060085421239
94,91099,-0.7068186722430648,-1.7108643704904003,-0.2471704828421557,0.8160695452168102,1.1933263276645103
95,74704,-0.38764403947237813,-1.2492247611185017,-0.2471704828421557,0.4751797351895351,0.14552760093469636
96,25742,-0.7866123304357365,-1.7108643704904003,-0.2471704828421557,0.8160695452168102,1.1933263276645103
97,11937,-0.4408398116008259,-0.7875851517466029,-0.2471704828421557,0.13428992516225993,0.844060085421239
98,52736,-0.5206334697934976,-1.2492247611185017,-1.4737307736378162,0.8160695452168102,0.14552760093469636
99,88338,-0.5738292419219454,-1.7108643704904003,-0.860450628239986,0.4751797351895351,1.891858812151053
100,18916,-0.7866123304357365,-1.2492247611185017,-0.860450628239986,0.4751797351895351,0.844060085421239
101,92501,-0.6270250140503931,-1.7108643704904003,-1.4737307736378162,0.8160695452168102,0.844060085421239
102,96213,-0.6270250140503931,-1.7108643704904003,-0.860450628239986,0.8160695452168102,1.891858812151053
103,26599,-0.653622900114617,-0.32594554237470424,-0.860450628239986,0.8160695452168102,2.2411250543943244
104,73007,-0.5738292419219454,-1.7108643704904003,-1.4737307736378162,0.13428992516225993,1.1933263276645103
105,97935,-0.46743769766504983,-1.2492247611185017,-0.860450628239986,-0.2065998848650152,2.2411250543943244
106,26089,-0.6004271279861693,-1.2492247611185017,-0.860450628239986,0.4751797351895351,1.891858812151053
107,14946,-0.38764403947237813,-1.2492247611185017,-0.860450628239986,0.8160695452168102,0.4947938431779677
108,74795,-0.7866123304357365,-1.2492247611185017,-0.2471704828421557,-0.2065998848650152,0.844060085421239
109,73435,-0.7068186722430648,-0.7875851517466029,-0.2471704828421557,-0.2065998848650152,0.844060085421239
110,41634,-0.4408398116008259,-0.32594554237470424,-0.2471704828421557,0.13428992516225993,1.5425925699077816
111,84069,-0.5206334697934976,-0.32594554237470424,-0.2471704828421557,0.13428992516225993,0.4947938431779677
112,83244,-0.6004271279861693,-1.2492247611185017,-1.4737307736378162,0.4751797351895351,1.891858812151053
113,87291,-0.4408398116008259,-0.32594554237470424,-0.860450628239986,0.13428992516225993,2.2411250543943244
114,18086,-0.7334165583072887,-0.32594554237470424,-0.860450628239986,-0.2065998848650152,0.14552760093469636
115,33369,-0.4408398116008259,-0.32594554237470424,-1.4737307736378162,0.13428992516225993,0.844060085421239
116,15310,-0.7334165583072887,-1.2492247611185017,-0.2471704828421557,0.13428992516225993,1.1933263276645103
117,98499,-0.4408398116008259,-1.7108643704904003,-1.4737307736378162,-0.2065998848650152,1.1933263276645103
118,35256,-0.46743769766504983,-0.32594554237470424,-1.4737307736378162,0.4751797351895351,1.1933263276645103
119,89007,-0.5472313558577214,-0.7875851517466029,-0.860450628239986,0.4751797351895351,0.4947938431779677
120,93997,-0.680220786178841,-0.7875851517466029,-1.4737307736378162,0.4751797351895351,1.891858812151053
121,16577,-0.653622900114617,-0.32594554237470424,-0.2471704828421557,0.4751797351895351,0.844060085421239
122,25440,-0.5738292419219454,-0.7875851517466029,-1.4737307736378162,0.8160695452168102,2.2411250543943244
123,81116,-0.653622900114617,-1.2492247611185017,-0.2471704828421557,-0.2065998848650152,0.14552760093469636
124,63663,-0.46743769766504983,-1.7108643704904003,-0.860450628239986,0.4751797351895351,1.5425925699077816
125,69811,-0.7866123304357365,-1.2492247611185017,-0.2471704828421557,0.13428992516225993,1.1933263276645103
126,36111,-0.5472313558577214,-1.2492247611185017,-0.860450628239986,0.8160695452168102,0.4947938431779677
127,39454,-0.38764403947237813,-0.32594554237470424,-0.860450628239986,0.4751797351895351,1.891858812151053
128,70199,-0.7600144443715126,-0.7875851517466029,-0.2471704828421557,0.13428992516225993,1.891858812151053
129,11602,-0.7068186722430648,-0.32594554237470424,-0.860450628239986,0.8160695452168102,0.14552760093469636
130,49697,-0.680220786178841,-0.7875851517466029,-0.860450628239986,0.4751797351895351,0.844060085421239
131,28701,-0.4408398116008259,-0.7875851517466029,-0.860450628239986,0.8160695452168102,0.844060085421239
132,61627,-0.680220786178841,-0.7875851517466029,-1.4737307736378162,-0.2065998848650152,0.4947938431779677
133,34103,-0.6004271279861693,-0.32594554237470424,-1.4737307736378162,-0.2065998848650152,0.844060085421239
134,14248,-0.653622900114617,-0.7875851517466029,-0.860450628239986,0.8160695452168102,1.891858812151053
135,31256,-0.5738292419219454,-0.32594554237470424,-0.860450628239986,0.8160695452168102,1.1933263276645103
136,45583,-0.5206334697934976,-0.7875851517466029,-0.2471704828421557,0.13428992516225993,0.844060085421239
137,52750,-0.46743769766504983,-0.7875851517466029,-1.4737307736378162,-0.2065998848650152,1.5425925699077816
138,95507,-0.5206334697934976,-1.2492247611185017,-1.4737307736378162,0.8160695452168102,1.5425925699077816
139,23743,-0.5206334697934976,-1.7108643704904003,-0.860450628239986,0.8160695452168102,1.891858812151053
140,53410,-0.41424192553660205,-1.7108643704904003,-1.4737307736378162,0.13428992516225993,2.2411250543943244
141,53898,-0.5472313558577214,-0.7875851517466029,-1.4737307736378162,-0.2065998848650152,1.5425925699077816
142,66200,-0.4940355837292737,-1.2492247611185017,-1.4737307736378162,0.4751797351895351,0.4947938431779677
143,58389,-0.680220786178841,-0.32594554237470424,-0.860450628239986,0.4751797351895351,1.5425925699077816
144,61347,-0.680220786178841,-1.2492247611185017,-0.860450628239986,0.8160695452168102,0.14552760093469636
145,59151,-0.653622900114617,-0.32594554237470424,-0.2471704828421557,0.4751797351895351,1.5425925699077816
146,37802,-0.5738292419219454,-0.7875851517466029,-1.4737307736378162,0.4751797351895351,0.14552760093469636
147,60475,-0.5738292419219454,-1.2492247611185017,-0.860450628239986,0.13428992516225993,1.891858812151053
148,95489,-0.7866123304357365,-1.2492247611185017,-0.2471704828421557,0.8160695452168102,0.844060085421239
149,77758,-0.7334165583072887,-1.7108643704904003,-0.2471704828421557,-0.2065998848650152,2.2411250543943244
150,23768,-0.5472313558577214,-1.2492247611185017,-0.860450628239986,-0.2065998848650152,1.1933263276645103
151,87471,-0.6270250140503931,-0.7875851517466029,-0.2471704828421557,-0.2065998848650152,1.891858812151053
152,85707,-0.41424192553660205,-1.7108643704904003,-0.860450628239986,0.4751797351895351,0.14552760093469636
153,97951,-0.5206334697934976,-0.7875851517466029,-0.2471704828421557,-0.2065998848650152,0.844060085421239
154,54785,-0.7334165583072887,-0.32594554237470424,-1.4737307736378162,0.4751797351895351,0.844060085421239
155,97011,-0.7068186722430648,-0.32594554237470424,-0.2471704828421557,0.13428992516225993,2.2411250543943244
156,35103,-0.41424192553660205,-1.7108643704904003,-0.860450628239986,0.4751797351895351,0.4947938431779677
157,18564,-0.6004271279861693,-0.7875851517466029,-0.2471704828421557,0.8160695452168102,1.1933263276645103
158,61009,-0.46743769766504983,-1.7108643704904003,-0.2471704828421557,0.8160695452168102,1.5425925699077816
159,24054,-0.653622900114617,-0.7875851517466029,-0.2471704828421557,0.8160695452168102,1.891858812151053
160,63751,-0.7068186722430648,-1.7108643704904003,-0.2471704828421557,-0.2065998848650152,0.14552760093469636
161,52758,-0.7334165583072887,-1.7108643704904003,-1.4737307736378162,0.13428992516225993,2.2411250543943244
162,78473,-0.7068186722430648,-0.7875851517466029,-0.2471704828421557,0.8160695452168102,0.4947938431779677
163,80457,-0.7068186722430648,-1.2492247611185017,-1.4737307736378162,0.13428992516225993,0.14552760093469636
164,59783,-0.4940355837292737,-0.7875851517466029,-1.4737307736378162,0.8160695452168102,2.2411250543943244
165,64241,-0.5738292419219454,-0.32594554237470424,-1.4737307736378162,0.4751797351895351,1.5425925699077816
166,32374,-0.5472313558577214,-1.7108643704904003,-1.4737307736378162,0.4751797351895351,1.891858812151053
167,97536,-0.5738292419219454,-0.32594554237470424,-1.4737307736378162,0.4751797351895351,1.1933263276645103
168,33110,-0.5206334697934976,-0.32594554237470424,-0.2471704828421557,0.13428992516225993,0.844060085421239
169,36978,-0.680220786178841,-1.7108643704904003,-0.860450628239986,0.4751797351895351,1.891858812151053
170,54281,-0.5472313558577214,-0.7875851517466029,-0.860450628239986,0.4751797351895351,1.1933263276645103
171,98602,-0.7334165583072887,-1.2492247611185017,-0.860450628239986,-0.2065998848650152,1.5425925699077816
172,97687,-0.7600144443715126,-1.2492247611185017,-0.2471704828421557,0.13428992516225993,1.1933263276645103
173,28842,-0.38764403947237813,-1.2492247611185017,-1.4737307736378162,0.8160695452168102,0.844060085421239
174,38410,-0.680220786178841,-1.2492247611185017,-0.860450628239986,0.8160695452168102,1.5425925699077816
175,38261,-0.46743769766504983,-0.32594554237470424,-0.860450628239986,-0.2065998848650152,1.1933263276645103
176,20524,-0.7600144443715126,-1.7108643704904003,-1.4737307736378162,-0.2065998848650152,0.4947938431779677
177,37671,-0.6270250140503931,-1.2492247611185017,-0.2471704828421557,-0.2065998848650152,0.4947938431779677
178,25330,-0.5472313558577214,-0.7875851517466029,-1.4737307736378162,0.4751797351895351,1.5425925699077816
179,41787,-0.7600144443715126,-1.7108643704904003,-0.860450628239986,0.4751797351895351,1.1933263276645103
180,11412,-0.41424192553660205,-1.2492247611185017,-0.2471704828421557,0.13428992516225993,0.14552760093469636
181,55892,-0.653622900114617,-1.7108643704904003,-1.4737307736378162,0.13428992516225993,0.4947938431779677
182,95495,-0.5738292419219454,-0.7875851517466029,-1.4737307736378162,-0.2065998848650152,2.2411250543943244
183,41946,-0.6270250140503931,-0.7875851517466029,-1.4737307736378162,0.13428992516225993,1.1933263276645103
184,86410,-0.4940355837292737,-1.7108643704904003,-0.2471704828421557,0.8160695452168102,1.5425925699077816
185,76718,-0.5472313558577214,-0.32594554237470424,-1.4737307736378162,-0.2065998848650152,0.14552760093469636
186,98969,-0.4408398116008259,-0.7875851517466029,-1.4737307736378162,0.4751797351895351,0.14552760093469636
187,77143,-0.680220786178841,-1.7108643704904003,-0.2471704828421557,-0.2065998848650152,0.844060085421239
188,38205,-0.4940355837292737,-1.2492247611185017,-0.2471704828421557,0.13428992516225993,1.5425925699077816
189,53851,-0.46743769766504983,-1.2492247611185017,-1.4737307736378162,0.13428992516225993,0.4947938431779677
190,52783,-0.7600144443715126,-0.7875851517466029,-0.2471704828421557,0.13428992516225993,0.4947938431779677
191,63405,-0.38764403947237813,-0.7875851517466029,-1.4737307736378162,0.4751797351895351,2.2411250543943244
192,48510,-0.653622900114617,-1.2492247611185017,-0.860450628239986,0.13428992516225993,0.844060085421239
193,97463,-0.38764403947237813,-0.7875851517466029,-1.4737307736378162,0.13428992516225993,0.4947938431779677
194,18145,-0.7600144443715126,-1.2492247611185017,-0.2471704828421557,0.8160695452168102,1.5425925699077816
195,14398,-0.6004271279861693,-1.2492247611185017,-1.4737307736378162,0.4751797351895351,0.14552760093469636
196,98288,-0.7068186722430648,-1.2492247611185017,-0.860450628239986,0.4751797351895351,1.5425925699077816
197,69704,-0.5472313558577214,-1.2492247611185017,-1.4737307736378162,-0.2065998848650152,1.5425925699077816
198,29058,-0.6004271279861693,-1.7108643704904003,-0.860450628239986,-0.2065998848650152,1.1933263276645103
199,15546,-0.41424192553660205,-1.7108643704904003,-0.860450628239986,0.4751797351895351,1.1933263276645103
200,16715,-0.7334165583072887,-0.32594554237470424,-0.2471704828421557,0.4751797351895351,1.891858812151053
201,87350,-0.7068186722430648,-0.7875851517466029,-1.4737307736378162,-0.2065998848650152,1.891858812151053
202,13215,-0.6270250140503931,-1.7108643704904003,-1.4737307736378162,0.13428992516225993,1.5425925699077816
203,20593,-0.7866123304357365,-1.7108643704904003,-1.4737307736378162,0.13428992516225993,1.5425925699077816
204,56624,-0.680220786178841,-1.2492247611185017,-1.4737307736378162,0.13428992516225993,1.1933263276645103
205,33317,-0.46743769766504983,-1.2492247611185017,-0.2471704828421557,0.8160695452168102,0.4947938431779677
206,99596,-0.46743769766504983,-1.7108643704904003,-1.4737307736378162,0.8160695452168102,0.4947938431779677
207,72430,-0.46743769766504983,-1.2492247611185017,-0.860450628239986,-0.2065998848650152,0.14552760093469636
208,16676,-0.41424192553660205,-0.32594554237470424,-0.2471704828421557,0.4751797351895351,0.14552760093469636
209,40486,-0.6270250140503931,-1.2492247611185017,-1.4737307736378162,0.13428992516225993,1.891858812151053
210,90958,-0.680220786178841,-1.7108643704904003,-1.4737307736378162,-0.2065998848650152,1.891858812151053
211,67212,-0.4940355837292737,-0.32594554237470424,-0.860450628239986,0.4751797351895351,0.844060085421239
212,44226,-0.653622900114617,-0.7875851517466029,-0.860450628239986,0.8160695452168102,0.14552760093469636
213,94251,-0.653622900114617,-0.7875851517466029,-0.860450628239986,0.13428992516225993,0.14552760093469636
214,61776,-0.7068186722430648,-1.7108643704904003,-1.4737307736378162,-0.2065998848650152,2.2411250543943244
215,55275,-0.5206334697934976,-0.32594554237470424,-0.860450628239986,0.4751797351895351,1.891858812151053
216,18609,-0.7068186722430648,-0.32594554237470424,-1.4737307736378162,0.4751797351895351,1.1933263276645103
217,54477,-0.6270250140503931,-0.7875851517466029,-0.860450628239986,0.8160695452168102,0.14552760093469636
218,12122,-0.6270250140503931,-0.32594554237470424,-1.4737307736378162,-0.2065998848650152,0.4947938431779677
219,28208,-0.41424192553660205,-0.7875851517466029,-0.860450628239986,0.8160695452168102,1.1933263276645103
220,68003,-0.5738292419219454,-1.2492247611185017,-0.860450628239986,0.8160695452168102,1.5425925699077816
221,79632,-0.7068186722430648,-1.7108643704904003,-1.4737307736378162,0.13428992516225993,2.2411250543943244
222,73811,-0.7334165583072887,-1.2492247611185017,-0.2471704828421557,0.8160695452168102,0.844060085421239
223,72892,-0.38764403947237813,-0.32594554237470424,-0.860450628239986,0.13428992516225993,2.2411250543943244
224,51773,-0.38764403947237813,-1.2492247611185017,-0.2471704828421557,0.4751797351895351,2.2411250543943244
225,96163,-0.6004271279861693,-0.32594554237470424,-0.860450628239986,0.8160695452168102,1.891858812151053
226,61234,-0.4940355837292737,-0.32594554237470424,-0.860450628239986,-0.2065998848650152,0.4947938431779677
227,55849,-0.7068186722430648,-1.7108643704904003,-0.2471704828421557,0.4751797351895351,1.5425925699077816
228,56156,-0.7068186722430648,-1.2492247611185017,-0.2471704828421557,0.13428992516225993,1.5425925699077816
229,54838,-0.653622900114617,1.058973285740992,-0.2471704828421557,-0.8883795049195655,-1.251537368038389
230,35254,-0.7068186722430648,1.058973285740992,-0.2471704828421557,-0.5474896948922904,0.14552760093469636
231,46635,-0.46743769766504983,-0.32594554237470424,1.5926699533513349,-0.8883795049195655,-0.5530048835518464
232,97825,-0.41424192553660205,0.5973336763690932,0.3661096625556745,-0.2065998848650152,-0.203738641308575
233,83125,-0.38764403947237813,0.13569406699719447,0.9793898079535047,-0.5474896948922904,-1.251537368038389
234,35483,-0.5738292419219454,1.058973285740992,-0.2471704828421557,-0.5474896948922904,-1.251537368038389
235,15129,-0.4940355837292737,0.5973336763690932,1.5926699533513349,-0.8883795049195655,0.14552760093469636
236,83290,-0.5738292419219454,1.058973285740992,0.9793898079535047,-0.8883795049195655,-1.251537368038389
237,56486,-0.7068186722430648,1.058973285740992,1.5926699533513349,-0.2065998848650152,-0.203738641308575
238,31903,-0.7068186722430648,0.5973336763690932,0.9793898079535047,-0.8883795049195655,0.14552760093469636
239,45909,-0.41424192553660205,0.13569406699719447,-0.2471704828421557,-0.2065998848650152,-1.251537368038389
240,14263,-0.4940355837292737,0.13569406699719447,-0.2471704828421557,-0.8883795049195655,-1.251537368038389
241,46813,-0.38764403947237813,-0.32594554237470424,-0.2471704828421557,-0.2065998848650152,-0.9022711257951177
242,81878,-0.653622900114617,-0.32594554237470424,1.5926699533513349,-0.5474896948922904,-0.203738641308575
243,35549,-0.7068186722430648,-0.32594554237470424,0.3661096625556745,-0.2065998848650152,0.14552760093469636
244,85799,-0.6004271279861693,0.5973336763690932,0.9793898079535047,-0.2065998848650152,-0.9022711257951177
245,39122,-0.7866123304357365,1.058973285740992,0.3661096625556745,-0.2065998848650152,0.14552760093469636
246,81531,-0.653622900114617,-0.32594554237470424,-0.2471704828421557,-0.5474896948922904,-1.251537368038389
247,69965,-0.7334165583072887,-0.32594554237470424,1.5926699533513349,-0.8883795049195655,-0.9022711257951177
248,18595,-0.41424192553660205,1.058973285740992,0.3661096625556745,-0.5474896948922904,-0.5530048835518464
249,44398,-0.6270250140503931,0.5973336763690932,1.5926699533513349,-0.5474896948922904,-1.251537368038389
250,32352,-0.680220786178841,0.5973336763690932,1.5926699533513349,-0.2065998848650152,-1.251537368038389
251,40898,-0.4408398116008259,0.5973336763690932,0.3661096625556745,-0.5474896948922904,0.14552760093469636
252,27101,-0.4408398116008259,0.5973336763690932,-0.2471704828421557,-0.5474896948922904,-0.5530048835518464
253,33457,-0.680220786178841,-0.32594554237470424,1.5926699533513349,-0.8883795049195655,0.14552760093469636
254,45088,-0.4408398116008259,0.5973336763690932,-0.2471704828421557,-0.5474896948922904,0.14552760093469636
255,23302,-0.4940355837292737,-0.32594554237470424,0.3661096625556745,-0.5474896948922904,-1.251537368038389
256,27408,-0.7334165583072887,0.13569406699719447,1.5926699533513349,-0.2065998848650152,-0.203738641308575
257,65372,-0.5738292419219454,1.058973285740992,0.3661096625556745,-0.5474896948922904,0.14552760093469636
258,21531,-0.653622900114617,0.5973336763690932,0.9793898079535047,-0.2065998848650152,-0.203738641308575
259,56843,-0.6004271279861693,0.5973336763690932,0.3661096625556745,-0.2065998848650152,-0.9022711257951177
260,17165,-0.7600144443715126,-0.32594554237470424,0.9793898079535047,-0.5474896948922904,0.14552760093469636
261,89328,-0.5206334697934976,-0.32594554237470424,1.5926699533513349,-0.5474896948922904,-1.251537368038389
262,20072,-0.4408398116008259,0.13569406699719447,0.3661096625556745,-0.8883795049195655,0.14552760093469636
263,71402,-0.5472313558577214,0.13569406699719447,0.9793898079535047,-0.2065998848650152,-0.9022711257951177
264,47496,-0.5472313558577214,-0.32594554237470424,-0.2471704828421557,-0.8883795049195655,-1.251537368038389
265,24808,-0.46743769766504983,-0.32594554237470424,0.9793898079535047,-0.5474896948922904,-0.5530048835518464
266,17036,-0.680220786178841,1.058973285740992,0.9793898079535047,-0.2065998848650152,-0.9022711257951177
267,67193,-0.38764403947237813,1.058973285740992,1.5926699533513349,-0.8883795049195655,-1.251537368038389
268,34423,-0.5206334697934976,0.5973336763690932,0.9793898079535047,-0.8883795049195655,-0.9022711257951177
269,97109,-0.46743769766504983,0.5973336763690932,1.5926699533513349,-0.8883795049195655,-1.251537368038389
270,55382,-0.4940355837292737,0.13569406699719447,1.5926699533513349,-0.5474896948922904,-0.5530048835518464
271,51811,-0.653622900114617,-0.32594554237470424,1.5926699533513349,-0.2065998848650152,-0.9022711257951177
272,53936,-0.7334165583072887,1.058973285740992,-0.2471704828421557,-0.8883795049195655,0.14552760093469636
273,66504,-0.46743769766504983,0.5973336763690932,-0.2471704828421557,-0.2065998848650152,0.14552760093469636
274,53207,-0.4408398116008259,0.5973336763690932,1.5926699533513349,-0.2065998848650152,-0.9022711257951177
275,18514,-0.653622900114617,0.13569406699719447,1.5926699533513349,-0.5474896948922904,-0.203738641308575
276,51319,-0.4940355837292737,0.5973336763690932,-0.2471704828421557,-0.5474896948922904,-0.203738641308575
277,36340,-0.5206334697934976,-0.32594554237470424,1.5926699533513349,-0.2065998848650152,-1.251537368038389
278,36934,-0.46743769766504983,-0.32594554237470424,1.5926699533513349,-0.8883795049195655,0.14552760093469636
279,95925,-0.653622900114617,1.058973285740992,0.9793898079535047,-0.2065998848650152,0.14552760093469636
280,49771,-0.7600144443715126,0.5973336763690932,1.5926699533513349,-0.2065998848650152,-0.9022711257951177
281,22919,-0.7334165583072887,0.5973336763690932,0.9793898079535047,-0.5474896948922904,-0.5530048835518464
282,21233,-0.5472313558577214,1.058973285740992,-0.2471704828421557,-0.8883795049195655,-1.251537368038389
283,74544,-0.7600144443715126,0.5973336763690932,0.3661096625556745,-0.5474896948922904,-0.9022711257951177
284,52025,-0.7334165583072887,-0.32594554237470424,0.3661096625556745,-0.5474896948922904,-1.251537368038389
285,45652,-0.6004271279861693,1.058973285740992,-0.2471704828421557,-0.5474896948922904,-0.5530048835518464
286,73952,-0.6270250140503931,0.13569406699719447,1.5926699533513349,-0.2065998848650152,0.14552760093469636
287,49418,-0.7068186722430648,-0.32594554237470424,1.5926699533513349,-0.8883795049195655,-1.251537368038389
288,77026,-0.41424192553660205,1.058973285740992,-0.2471704828421557,-0.8883795049195655,-0.9022711257951177
289,49331,-0.7334165583072887,0.13569406699719447,-0.2471704828421557,-0.2065998848650152,0.14552760093469636
290,75775,-0.7334165583072887,0.5973336763690932,1.5926699533513349,-0.2065998848650152,-0.5530048835518464
291,54906,-0.4408398116008259,0.5973336763690932,0.3661096625556745,-0.5474896948922904,-1.251537368038389
292,94666,-0.7866123304357365,1.058973285740992,0.3661096625556745,-0.2065998848650152,-0.5530048835518464
293,11698,-0.46743769766504983,-0.32594554237470424,0.3661096625556745,-0.8883795049195655,0.14552760093469636
294,34677,-0.7600144443715126,0.13569406699719447,-0.2471704828421557,-0.5474896948922904,-1.251537368038389
295,95610,-0.7334165583072887,0.5973336763690932,1.5926699533513349,-0.2065998848650152,-0.203738641308575
296,41380,-0.653622900114617,0.5973336763690932,0.9793898079535047,-0.2065998848650152,-0.203738641308575
297,38033,-0.6270250140503931,-0.32594554237470424,0.9793898079535047,-0.8883795049195655,-0.5530048835518464
298,85337,-0.7334165583072887,1.058973285740992,0.9793898079535047,-0.8883795049195655,-1.251537368038389
299,38994,-0.6004271279861693,0.5973336763690932,1.5926699533513349,-0.8883795049195655,-0.5530048835518464
300,67911,-0.680220786178841,0.5973336763690932,1.5926699533513349,-0.2065998848650152,-0.203738641308575
301,92956,-0.5206334697934976,0.5973336763690932,1.5926699533513349,-0.8883795049195655,-1.251537368038389
302,77641,-0.7068186722430648,0.5973336763690932,0.9793898079535047,-0.2065998848650152,0.14552760093469636
303,57565,-0.46743769766504983,-0.32594554237470424,-0.2471704828421557,-0.2065998848650152,-0.5530048835518464
304,53814,-0.5738292419219454,-0.32594554237470424,1.5926699533513349,-0.2065998848650152,-0.5530048835518464
305,30712,-0.4940355837292737,-0.32594554237470424,0.9793898079535047,-0.2065998848650152,0.14552760093469636
306,19785,-0.41424192553660205,0.5973336763690932,1.5926699533513349,-0.5474896948922904,0.14552760093469636
307,31384,-0.41424192553660205,0.5973336763690932,0.3661096625556745,-0.8883795049195655,-1.251537368038389
308,16374,-0.7068186722430648,0.13569406699719447,0.3661096625556745,-0.2065998848650152,-0.9022711257951177
309,50878,-0.653622900114617,-0.32594554237470424,1.5926699533513349,-0.8883795049195655,-0.203738641308575
310,78002,-0.5472313558577214,0.5973336763690932,1.5926699533513349,-0.2065998848650152,-0.203738641308575
311,83459,-0.7866123304357365,-0.32594554237470424,1.5926699533513349,-0.8883795049195655,-0.9022711257951177
312,91987,-0.653622900114617,0.5973336763690932,0.3661096625556745,-0.8883795049195655,-1.251537368038389
313,51552,-0.7866123304357365,1.058973285740992,0.3661096625556745,-0.5474896948922904,0.14552760093469636
314,72156,-0.7334165583072887,-0.32594554237470424,-0.2471704828421557,-0.2065998848650152,0.14552760093469636
315,24998,-0.6004271279861693,1.058973285740992,0.3661096625556745,-0.5474896948922904,-0.5530048835518464
316,45673,-0.41424192553660205,-0.32594554237470424,0.3661096625556745,-0.5474896948922904,-0.203738641308575
317,11596,-0.4408398116008259,0.5973336763690932,0.9793898079535047,-0.8883795049195655,-0.5530048835518464
318,87485,-0.7866123304357365,0.13569406699719447,1.5926699533513349,-0.8883795049195655,0.14552760093469636
319,28414,-0.5472313558577214,0.5973336763690932,0.9793898079535047,-0.8883795049195655,-0.203738641308575
320,81863,-0.7068186722430648,0.5973336763690932,-0.2471704828421557,-0.8883795049195655,-0.203738641308575
321,33240,-0.6004271279861693,0.5973336763690932,1.5926699533513349,-0.2065998848650152,-0.9022711257951177
322,11466,-0.680220786178841,1.058973285740992,1.5926699533513349,-0.8883795049195655,-1.251537368038389
323,23881,-0.7068186722430648,0.5973336763690932,0.3661096625556745,-0.5474896948922904,-0.5530048835518464
324,44645,-0.7600144443715126,-0.32594554237470424,-0.2471704828421557,-0.2065998848650152,-0.5530048835518464
325,49844,-0.680220786178841,-0.32594554237470424,1.5926699533513349,-0.8883795049195655,0.14552760093469636
326,92782,-0.5472313558577214,-0.32594554237470424,0.9793898079535047,-0.2065998848650152,-0.203738641308575
327,22824,-0.7600144443715126,-0.32594554237470424,0.9793898079535047,-0.2065998848650152,-0.203738641308575
328,26767,-0.6270250140503931,0.13569406699719447,1.5926699533513349,-0.5474896948922904,-0.9022711257951177
329,26678,-0.5472313558577214,-0.32594554237470424,0.9793898079535047,-0.2065998848650152,-0.9022711257951177
330,50412,-0.7866123304357365,1.058973285740992,0.9793898079535047,-0.2065998848650152,0.14552760093469636
331,17933,-0.41424192553660205,0.5973336763690932,0.3661096625556745,-0.5474896948922904,-0.5530048835518464
332,34495,-0.4408398116008259,0.5973336763690932,1.5926699533513349,-0.2065998848650152,-1.251537368038389
333,47437,-0.46743769766504983,1.058973285740992,0.3661096625556745,-0.5474896948922904,-1.251537368038389
334,22610,-0.5206334697934976,0.13569406699719447,0.9793898079535047,-0.2065998848650152,-0.5530048835518464
335,41159,-0.7068186722430648,1.058973285740992,0.9793898079535047,-0.2065998848650152,-1.251537368038389
336,64672,-0.41424192553660205,0.5973336763690932,1.5926699533513349,-0.2065998848650152,-1.251537368038389
337,62483,-0.6004271279861693,-0.32594554237470424,0.9793898079535047,-0.2065998848650152,-0.9022711257951177
338,85614,-0.7600144443715126,1.058973285740992,-0.2471704828421557,-0.8883795049195655,0.14552760093469636
339,96548,-0.38764403947237813,0.5973336763690932,-0.2471704828421557,-0.8883795049195655,-0.9022711257951177
340,19137,-0.653622900114617,0.5973336763690932,0.3661096625556745,-0.5474896948922904,-0.9022711257951177
341,69028,-0.7334165583072887,0.5973336763690932,0.3661096625556745,-0.5474896948922904,-0.9022711257951177
342,70779,-0.4408398116008259,-0.32594554237470424,0.3661096625556745,-0.2065998848650152,-1.251537368038389
343,38244,-0.680220786178841,0.5973336763690932,0.9793898079535047,-0.2065998848650152,-0.203738641308575
344,67046,-0.7600144443715126,0.13569406699719447,0.3661096625556745,-0.2065998848650152,0.14552760093469636
345,64897,-0.4940355837292737,0.13569406699719447,-0.2471704828421557,-0.2065998848650152,-0.9022711257951177
346,46223,-0.5472313558577214,1.058973285740992,0.9793898079535047,-0.2065998848650152,-0.9022711257951177
347,36628,-0.41424192553660205,0.5973336763690932,0.3661096625556745,-0.8883795049195655,-0.9022711257951177
348,17565,-0.7866123304357365,0.5973336763690932,-0.2471704828421557,-0.8883795049195655,-0.203738641308575
349,77381,-0.4408398116008259,-0.32594554237470424,0.9793898079535047,-0.2065998848650152,-0.203738641308575
350,11799,-0.6270250140503931,1.058973285740992,0.3661096625556745,-0.2065998848650152,-0.203738641308575
351,81940,-0.6270250140503931,0.13569406699719447,-0.2471704828421557,-0.8883795049195655,-0.5530048835518464
352,66706,-0.6004271279861693,1.058973285740992,-0.2471704828421557,-0.8883795049195655,-0.9022711257951177
353,87838,-0.5206334697934976,0.13569406699719447,-0.2471704828421557,-0.8883795049195655,-1.251537368038389
354,94437,-0.680220786178841,0.13569406699719447,0.9793898079535047,-0.5474896948922904,-0.203738641308575
355,33790,-0.680220786178841,1.058973285740992,0.9793898079535047,-0.8883795049195655,-0.5530048835518464
356,44402,-0.653622900114617,0.13569406699719447,1.5926699533513349,-0.5474896948922904,0.14552760093469636
357,29886,-0.4940355837292737,0.5973336763690932,1.5926699533513349,-0.5474896948922904,-0.9022711257951177
358,66804,-0.7334165583072887,-0.32594554237470424,0.9793898079535047,-0.2065998848650152,-0.5530048835518464
359,47866,-0.680220786178841,0.13569406699719447,-0.2471704828421557,-0.2065998848650152,-1.251537368038389
360,61996,-0.7068186722430648,-0.32594554237470424,-0.2471704828421557,-0.8883795049195655,-0.5530048835518464
361,15318,-0.5472313558577214,0.5973336763690932,0.3661096625556745,-0.8883795049195655,-0.9022711257951177
362,89635,-0.4408398116008259,0.5973336763690932,0.3661096625556745,-0.5474896948922904,0.14552760093469636
363,71681,-0.38764403947237813,0.13569406699719447,1.5926699533513349,-0.2065998848650152,-0.9022711257951177
364,71862,-0.7600144443715126,0.13569406699719447,-0.2471704828421557,-0.8883795049195655,-0.9022711257951177
365,96186,-0.5738292419219454,0.5973336763690932,0.9793898079535047,-0.2065998848650152,-0.203738641308575
366,22348,-0.5738292419219454,1.058973285740992,1.5926699533513349,-0.8883795049195655,-0.5530048835518464
367,36243,-0.46743769766504983,1.058973285740992,1.5926699533513349,-0.8883795049195655,-0.203738641308575
368,88807,-0.7068186722430648,-0.32594554237470424,0.3661096625556745,-0.2065998848650152,-0.9022711257951177
369,82376,-0.38764403947237813,-0.32594554237470424,0.3661096625556745,-0.8883795049195655,-0.203738641308575
370,98126,-0.41424192553660205,0.5973336763690932,0.9793898079535047,-0.5474896948922904,-0.203738641308575
371,80347,-0.6270250140503931,0.13569406699719447,0.3661096625556745,-0.2065998848650152,-0.203738641308575
372,17649,-0.7600144443715126,0.13569406699719447,-0.2471704828421557,-0.2065998848650152,-0.9022711257951177
373,62807,-0.46743769766504983,0.5973336763690932,1.5926699533513349,-0.5474896948922904,-0.9022711257951177
374,92522,-0.7600144443715126,-0.32594554237470424,1.5926699533513349,-0.8883795049195655,-0.9022711257951177
375,57459,-0.4408398116008259,0.5973336763690932,1.5926699533513349,-0.8883795049195655,0.14552760093469636
376,44579,-0.4940355837292737,0.5973336763690932,0.3661096625556745,-0.5474896948922904,-0.203738641308575
377,45476,-0.5738292419219454,0.13569406699719447,0.9793898079535047,-0.5474896948922904,-0.5530048835518464
378,61994,-0.41424192553660205,0.13569406699719447,-0.2471704828421557,-0.8883795049195655,0.14552760093469636
379,11398,-0.6004271279861693,0.5973336763690932,1.5926699533513349,-0.2065998848650152,-0.9022711257951177
380,24702,-0.7600144443715126,1.058973285740992,-0.2471704828421557,-0.8883795049195655,-0.203738641308575
381,27824,-0.5738292419219454,1.058973285740992,-0.2471704828421557,-0.8883795049195655,0.14552760093469636
382,45878,-0.41424192553660205,-0.32594554237470424,-0.2471704828421557,-0.8883795049195655,-0.9022711257951177
383,72431,-0.7600144443715126,0.5973336763690932,0.3661096625556745,-0.2065998848650152,-0.203738641308575
384,19215,-0.4408398116008259,0.13569406699719447,0.3661096625556745,-0.5474896948922904,-0.203738641308575
385,23409,-0.7068186722430648,-0.32594554237470424,0.9793898079535047,-0.8883795049195655,-1.251537368038389
386,16418,-0.7068186722430648,1.058973285740992,0.9793898079535047,-0.2065998848650152,-1.251537368038389
387,85122,-0.4408398116008259,0.13569406699719447,-0.2471704828421557,-0.2065998848650152,-0.5530048835518464
388,55060,-0.7068186722430648,1.058973285740992,0.3661096625556745,-0.8883795049195655,-0.203738641308575
389,55478,-0.6004271279861693,0.13569406699719447,0.9793898079535047,-0.2065998848650152,-0.9022711257951177
390,65574,-0.6270250140503931,-0.32594554237470424,1.5926699533513349,-0.8883795049195655,-0.203738641308575
391,31113,-0.6270250140503931,-0.32594554237470424,-0.2471704828421557,-0.8883795049195655,0.14552760093469636
392,96929,-0.5738292419219454,-0.32594554237470424,1.5926699533513349,-0.8883795049195655,-1.251537368038389
393,78912,-0.7600144443715126,-0.32594554237470424,0.9793898079535047,-0.8883795049195655,-1.251537368038389
394,68439,-0.38764403947237813,-0.32594554237470424,-0.2471704828421557,-0.8883795049195655,-0.9022711257951177
395,62864,-0.5738292419219454,1.058973285740992,0.9793898079535047,-0.8883795049195655,-0.9022711257951177
396,31515,-0.7866123304357365,-0.32594554237470424,1.5926699533513349,-0.8883795049195655,-0.9022711257951177
397,77954,1.0220439219314879,0.5973336763690932,0.9793898079535047,-0.2065998848650152,-1.251537368038389
398,88207,0.38369465639011463,0.13569406699719447,0.3661096625556745,-0.2065998848650152,-1.251537368038389
399,96929,0.8624566055461446,0.5973336763690932,-0.2471704828421557,-0.2065998848650152,-0.5530048835518464
400,78618,0.7028692891608013,1.058973285740992,0.3661096625556745,-0.8883795049195655,-0.9022711257951177
401,31551,1.0752396940599358,1.058973285740992,0.3661096625556745,-0.2065998848650152,0.14552760093469636
402,75792,0.3570967703258907,-0.32594554237470424,0.9793898079535047,-0.8883795049195655,-0.203738641308575
403,29864,0.5698798588396818,-0.32594554237470424,-0.2471704828421557,-0.8883795049195655,-0.5530048835518464
404,45440,0.995446035867264,-0.32594554237470424,0.3661096625556745,-0.2065998848650152,-0.9022711257951177
405,97954,0.9422502637388163,1.058973285740992,-0.2471704828421557,-0.8883795049195655,0.14552760093469636
406,90189,0.4368904285185624,1.058973285740992,0.3661096625556745,-0.8883795049195655,0.14552760093469636
407,55090,1.0220439219314879,0.5973336763690932,-0.2471704828421557,-0.8883795049195655,-0.5530048835518464
408,17703,0.4102925424543385,0.13569406699719447,0.9793898079535047,-0.8883795049195655,-0.9022711257951177
409,33991,0.38369465639011463,0.13569406699719447,0.3661096625556745,-0.8883795049195655,-0.9022711257951177
410,88884,0.9156523776745924,1.058973285740992,-0.2471704828421557,-0.2065998848650152,-0.5530048835518464
411,45808,0.1443136818120996,0.13569406699719447,-0.2471704828421557,-0.2065998848650152,-0.5530048835518464
412,50706,0.25070522606899515,-0.32594554237470424,1.5926699533513349,-0.8883795049195655,-0.5530048835518464
413,92140,-0.09506729276591537,0.5973336763690932,1.5926699533513349,-0.2065998848650152,-0.9022711257951177
414,88123,0.06452002361942795,1.058973285740992,1.5926699533513349,-0.8883795049195655,-0.9022711257951177
415,53932,0.8092608334176968,-0.32594554237470424,0.3661096625556745,-0.8883795049195655,-0.203738641308575
416,65908,0.3570967703258907,1.058973285740992,0.3661096625556745,-0.2065998848650152,-0.203738641308575
417,25321,0.30390099819744293,0.13569406699719447,-0.2471704828421557,-0.2065998848650152,-0.203738641308575
418,87456,0.7028692891608013,0.13569406699719447,1.5926699533513349,-0.5474896948922904,0.14552760093469636
419,48602,1.0486418079957118,0.13569406699719447,-0.2471704828421557,-0.8883795049195655,-1.251537368038389
420,97530,0.6230756309681296,0.5973336763690932,0.9793898079535047,-0.8883795049195655,-0.9022711257951177
421,48657,0.11771579574787573,0.13569406699719447,0.3661096625556745,-0.2065998848650152,-0.5530048835518464
422,76209,0.9422502637388163,0.13569406699719447,1.5926699533513349,-0.8883795049195655,0.14552760093469636
423,49913,0.5698798588396818,0.5973336763690932,0.3661096625556745,-0.5474896948922904,-1.251537368038389
424,53002,0.4634883145827863,0.13569406699719447,0.3661096625556745,-0.8883795049195655,-0.203738641308575
425,61122,-0.0418715206374676,0.13569406699719447,0.9793898079535047,-0.2065998848650152,-1.251537368038389
426,82807,0.33049888426166685,0.5973336763690932,-0.2471704828421557,-0.8883795049195655,0.14552760093469636
427,93496,0.9688481498030401,1.058973285740992,-0.2471704828421557,-0.8883795049195655,-0.5530048835518464
428,64519,0.4102925424543385,1.058973285740992,1.5926699533513349,-0.2065998848650152,-0.5530048835518464
429,31950,0.5698798588396818,-0.32594554237470424,0.9793898079535047,-0.8883795049195655,-0.203738641308575
430,23110,0.1709115678763235,-0.32594554237470424,0.9793898079535047,-0.5474896948922904,-1.251537368038389
431,96297,0.9688481498030401,0.5973336763690932,0.9793898079535047,-0.8883795049195655,-1.251537368038389
432,28408,0.995446035867264,0.5973336763690932,1.5926699533513349,-0.2065998848650152,-0.203738641308575
433,37252,0.6496735170323535,0.5973336763690932,-0.2471704828421557,-0.5474896948922904,-0.5530048835518464
434,41287,0.782662947353473,0.5973336763690932,0.3661096625556745,-0.2065998848650152,-0.203738641308575
435,52460,0.27730311213321907,-0.32594554237470424,-0.2471704828421557,-0.5474896948922904,-0.5530048835518464
436,26604,1.0486418079957118,-0.32594554237470424,1.5926699533513349,-0.8883795049195655,-0.203738641308575
437,58019,1.0220439219314879,-0.32594554237470424,-0.2471704828421557,-0.5474896948922904,-0.9022711257951177
438,87219,0.516684086711234,0.5973336763690932,0.3661096625556745,-0.8883795049195655,-0.5530048835518464
439,36839,-0.09506729276591537,1.058973285740992,-0.2471704828421557,-0.5474896948922904,0.14552760093469636
440,12663,0.8358587194819207,1.058973285740992,0.9793898079535047,-0.8883795049195655,-0.203738641308575
441,48667,0.4102925424543385,0.13569406699719447,0.3661096625556745,-0.8883795049195655,-0.203738641308575
442,42887,-0.20145883702281092,0.5973336763690932,-0.2471704828421557,-0.5474896948922904,-0.203738641308575
443,14439,0.4368904285185624,-0.32594554237470424,0.3661096625556745,-0.8883795049195655,-0.203738641308575
444,60851,0.8092608334176968,0.5973336763690932,1.5926699533513349,-0.2065998848650152,-0.203738641308575
445,41266,0.8624566055461446,0.5973336763690932,1.5926699533513349,-0.2065998848650152,-1.251537368038389
446,37438,0.22410734000477128,1.058973285740992,1.5926699533513349,-0.8883795049195655,0.14552760093469636
447,65747,0.9422502637388163,0.13569406699719447,0.9793898079535047,-0.8883795049195655,-0.5530048835518464
448,81166,0.7028692891608013,0.13569406699719447,-0.2471704828421557,-0.2065998848650152,-0.9022711257951177
449,20570,-0.09506729276591537,-0.32594554237470424,0.9793898079535047,-0.2065998848650152,-0.9022711257951177
450,14816,0.037922137555204065,-0.32594554237470424,0.3661096625556745,-0.2065998848650152,-0.203738641308575
451,11265,0.4368904285185624,1.058973285740992,0.3661096625556745,-0.2065998848650152,-1.251537368038389
452,24980,0.037922137555204065,-0.32594554237470424,0.9793898079535047,-0.2065998848650152,-0.5530048835518464
453,37934,0.4102925424543385,0.13569406699719447,0.9793898079535047,-0.2065998848650152,-0.203738641308575
454,70707,1.0486418079957118,-0.32594554237470424,0.9793898079535047,-0.8883795049195655,-0.203738641308575
455,84351,-0.2546546091512587,-0.32594554237470424,0.3661096625556745,-0.8883795049195655,-0.5530048835518464
456,89446,0.33049888426166685,0.5973336763690932,-0.2471704828421557,-0.8883795049195655,0.14552760093469636
457,17325,0.1709115678763235,0.5973336763690932,1.5926699533513349,-0.2065998848650152,-0.203738641308575
458,64774,0.5964777449039057,0.13569406699719447,-0.2471704828421557,-0.8883795049195655,0.14552760093469636
459,53166,0.8624566055461446,1.058973285740992,-0.2471704828421557,-0.5474896948922904,-0.203738641308575
460,45341,1.0486418079957118,1.058973285740992,0.9793898079535047,-0.2065998848650152,0.14552760093469636
461,94595,-0.2280567230870348,0.5973336763690932,0.9793898079535047,-0.2065998848650152,-0.203738641308575
462,55170,0.09111790968365184,-0.32594554237470424,0.9793898079535047,-0.2065998848650152,-0.203738641308575
463,92489,1.0752396940599358,-0.32594554237470424,0.9793898079535047,-0.8883795049195655,-0.9022711257951177
464,92933,0.09111790968365184,-0.32594554237470424,1.5926699533513349,-0.5474896948922904,0.14552760093469636
465,36504,0.4634883145827863,-0.32594554237470424,-0.2471704828421557,-0.5474896948922904,-0.5530048835518464
466,40508,0.3570967703258907,0.13569406699719447,1.5926699533513349,-0.8883795049195655,-0.5530048835518464
467,15798,0.9422502637388163,0.5973336763690932,-0.2471704828421557,-0.8883795049195655,-0.203738641308575
468,70101,0.037922137555204065,-0.32594554237470424,0.9793898079535047,-0.2065998848650152,-0.9022711257951177
469,77613,0.037922137555204065,0.13569406699719447,1.5926699533513349,-0.8883795049195655,0.14552760093469636
470,84360,0.8358587194819207,0.5973336763690932,-0.2471704828421557,-0.5474896948922904,-0.9022711257951177
471,48402,0.06452002361942795,0.13569406699719447,1.5926699533513349,-0.5474896948922904,0.14552760093469636
472,46776,0.3570967703258907,0.5973336763690932,0.3661096625556745,-0.2065998848650152,-0.5530048835518464
473,67258,0.011324251490980177,0.5973336763690932,0.3661096625556745,-0.5474896948922904,0.14552760093469636
474,44804,-0.2280567230870348,0.5973336763690932,0.3661096625556745,-0.5474896948922904,-0.5530048835518464
475,29919,0.09111790968365184,-0.32594554237470424,0.3661096625556745,-0.5474896948922904,0.14552760093469636
476,65781,0.27730311213321907,0.13569406699719447,1.5926699533513349,-0.2065998848650152,-0.5530048835518464
477,12456,0.9422502637388163,0.5973336763690932,1.5926699533513349,-0.8883795049195655,0.14552760093469636
478,62649,0.4368904285185624,1.058973285740992,1.5926699533513349,-0.2065998848650152,0.14552760093469636
479,74446,-0.015273634573243712,0.5973336763690932,0.3661096625556745,-0.2065998848650152,-0.9022711257951177
480,36632,0.33049888426166685,1.058973285740992,0.3661096625556745,-0.2065998848650152,-0.5530048835518464
481,76024,0.33049888426166685,0.5973336763690932,-0.2471704828421557,-0.8883795049195655,-1.251537368038389
482,75065,-0.12166517883013926,1.058973285740992,0.3661096625556745,-0.5474896948922904,-1.251537368038389
483,51682,1.0486418079957118,-0.32594554237470424,-0.2471704828421557,-0.8883795049195655,0.14552760093469636
484,18397,-0.12166517883013926,0.13569406699719447,0.9793898079535047,-0.5474896948922904,-0.9022711257951177
485,29102,-0.17486095095858703,0.13569406699719447,0.9793898079535047,-0.5474896948922904,-0.9022711257951177
486,56367,0.6230756309681296,1.058973285740992,0.3661096625556745,-0.2065998848650152,-0.9022711257951177
487,95147,0.782662947353473,-0.32594554237470424,-0.2471704828421557,-0.2065998848650152,-0.5530048835518464
488,44379,0.11771579574787573,1.058973285740992,1.5926699533513349,-0.2065998848650152,-0.9022711257951177
489,76957,0.25070522606899515,0.5973336763690932,0.9793898079535047,-0.8883795049195655,-0.5530048835518464
490,42921,0.4102925424543385,1.058973285740992,1.5926699533513349,-0.2065998848650152,-0.9022711257951177
491,23102,0.8092608334176968,-0.32594554237470424,-0.2471704828421557,-0.8883795049195655,-1.251537368038389
492,61324,0.756065061289249,-0.32594554237470424,1.5926699533513349,-0.8883795049195655,-1.251537368038389
493,49690,0.4102925424543385,0.5973336763690932,0.9793898079535047,-0.2065998848650152,-1.251537368038389
494,20043,0.011324251490980177,0.5973336763690932,-0.2471704828421557,-0.5474896948922904,0.14552760093469636
495,44144,-0.14826306489436317,-0.32594554237470424,0.3661096625556745,-0.8883795049195655,-0.9022711257951177
496,53552,0.5698798588396818,1.058973285740992,0.3661096625556745,-0.8883795049195655,-0.203738641308575
497,62530,0.38369465639011463,0.13569406699719447,0.3661096625556745,-0.2065998848650152,-0.203738641308575
498,41741,0.4634883145827863,-0.32594554237470424,-0.2471704828421557,-0.5474896948922904,-0.5530048835518464
499,22842,-0.09506729276591537,-0.32594554237470424,0.9793898079535047,-0.5474896948922904,-1.251537368038389
500,65825,0.8890544916103685,0.5973336763690932,0.9793898079535047,-0.2065998848650152,-0.5530048835518464
501,77826,0.1709115678763235,0.13569406699719447,0.9793898079535047,-0.8883795049195655,0.14552760093469636
502,61216,0.09111790968365184,0.5973336763690932,0.3661096625556745,-0.5474896948922904,-1.251537368038389
503,83192,0.516684086711234,0.5973336763690932,-0.2471704828421557,-0.2065998848650152,0.14552760093469636
504,82023,0.9422502637388163,0.5973336763690932,0.3661096625556745,-0.8883795049195655,-1.251537368038389
505,73000,-0.015273634573243712,0.5973336763690932,1.5926699533513349,-0.5474896948922904,-1.251537368038389
506,64550,0.8890544916103685,0.13569406699719447,-0.2471704828421557,-0.8883795049195655,-0.5530048835518464
507,90131,-0.2280567230870348,0.5973336763690932,1.5926699533513349,-0.2065998848650152,-0.203738641308575
508,17382,0.1975094539405474,0.5973336763690932,0.3661096625556745,-0.2065998848650152,-1.251537368038389
509,27117,0.6496735170323535,1.058973285740992,-0.2471704828421557,-0.8883795049195655,-0.203738641308575
510,94529,-0.12166517883013926,-0.32594554237470424,0.9793898079535047,-0.2065998848650152,-0.9022711257951177
511,21717,-0.0418715206374676,0.5973336763690932,-0.2471704828421557,-0.2065998848650152,-0.5530048835518464
512,81910,0.38369465639011463,0.5973336763690932,-0.2471704828421557,-0.8883795049195655,-0.5530048835518464
513,76492,0.7294671752250251,0.5973336763690932,-0.2471704828421557,-0.5474896948922904,-0.203738641308575
514,43000,0.1443136818120996,0.13569406699719447,0.3661096625556745,-0.5474896948922904,0.14552760093469636
515,48692,-0.12166517883013926,0.13569406699719447,-0.2471704828421557,-0.2065998848650152,-0.203738641308575
516,27476,0.06452002361942795,-0.32594554237470424,0.9793898079535047,-0.2065998848650152,-0.5530048835518464
517,15086,-0.0684694067016915,1.058973285740992,0.9793898079535047,-0.8883795049195655,-0.203738641308575
518,43034,0.7294671752250251,-0.32594554237470424,-0.2471704828421557,-0.2065998848650152,-0.203738641308575
519,99131,0.037922137555204065,1.058973285740992,0.9793898079535047,-0.8883795049195655,-0.5530048835518464
520,13140,0.5964777449039057,1.058973285740992,-0.2471704828421557,-0.8883795049195655,-1.251537368038389
521,99437,0.11771579574787573,0.5973336763690932,0.9793898079535047,-0.8883795049195655,0.14552760093469636
522,91242,0.9422502637388163,-0.32594554237470424,0.3661096625556745,-0.2065998848650152,-0.5530048835518464
523,39285,0.037922137555204065,1.058973285740992,1.5926699533513349,-0.8883795049195655,-1.251537368038389
524,63710,0.9156523776745924,0.5973336763690932,0.3661096625556745,-0.8883795049195655,-0.5530048835518464
525,90860,0.6496735170323535,1.058973285740992,0.3661096625556745,-0.2065998848650152,0.14552760093469636
526,35585,0.9688481498030401,0.13569406699719447,0.9793898079535047,-0.5474896948922904,-1.251537368038389
527,58708,-0.14826306489436317,-0.32594554237470424,-0.2471704828421557,-0.2065998848650152,-0.203738641308575
528,57451,0.06452002361942795,0.13569406699719447,-0.2471704828421557,-0.5474896948922904,-0.203738641308575
529,69868,-0.015273634573243712,-0.32594554237470424,0.3661096625556745,-0.8883795049195655,-0.9022711257951177
530,43679,-0.015273634573243712,0.5973336763690932,0.3661096625556745,-0.2065998848650152,0.14552760093469636
531,30256,0.09111790968365184,-0.32594554237470424,0.3661096625556745,-0.8883795049195655,-1.251537368038389
532,26334,-0.0684694067016915,-0.32594554237470424,0.3661096625556745,-0.2065998848650152,-0.5530048835518464
533,47848,0.3570967703258907,-0.32594554237470424,0.3661096625556745,-0.2065998848650152,-0.5530048835518464
534,17377,0.037922137555204065,0.5973336763690932,0.3661096625556745,-0.8883795049195655,-0.203738641308575
535,39644,0.5698798588396818,0.5973336763690932,0.9793898079535047,-0.8883795049195655,-0.203738641308575
536,29176,-0.17486095095858703,-0.32594554237470424,1.5926699533513349,-0.5474896948922904,-0.203738641308575
537,55706,0.3570967703258907,-0.32594554237470424,0.9793898079535047,-0.5474896948922904,-1.251537368038389
538,51771,0.8890544916103685,1.058973285740992,0.3661096625556745,-0.5474896948922904,0.14552760093469636
539,83585,1.0486418079957118,1.058973285740992,0.9793898079535047,-0.5474896948922904,-0.203738641308575
540,51867,0.9422502637388163,-0.32594554237470424,0.9793898079535047,-0.5474896948922904,-1.251537368038389
541,68040,0.27730311213321907,1.058973285740992,-0.2471704828421557,-0.8883795049195655,-0.203738641308575
542,50706,0.6762714030965774,1.058973285740992,1.5926699533513349,-0.2065998848650152,-0.5530048835518464
543,75417,0.33049888426166685,0.13569406699719447,1.5926699533513349,-0.5474896948922904,-0.5530048835518464
544,34775,0.6762714030965774,0.13569406699719447,-0.2471704828421557,-0.5474896948922904,-1.251537368038389
545,85645,0.516684086711234,0.5973336763690932,0.3661096625556745,-0.5474896948922904,-0.5530048835518464
546,83545,-0.17486095095858703,1.058973285740992,1.5926699533513349,-0.8883795049195655,0.14552760093469636
547,44157,0.8890544916103685,1.058973285740992,-0.2471704828421557,-0.5474896948922904,0.14552760093469636
548,38125,-0.2280567230870348,-0.32594554237470424,1.5926699533513349,-0.2065998848650152,0.14552760093469636
549,75398,0.5698798588396818,-0.32594554237470424,0.3661096625556745,-0.8883795049195655,0.14552760093469636
550,90999,0.11771579574787573,1.058973285740992,1.5926699533513349,-0.2065998848650152,-0.203738641308575
551,70376,0.6496735170323535,1.058973285740992,1.5926699533513349,-0.2065998848650152,-0.203738641308575
552,33295,0.06452002361942795,1.058973285740992,-0.2471704828421557,-0.5474896948922904,-0.9022711257951177
553,80942,0.8092608334176968,1.058973285740992,0.3661096625556745,-0.2065998848650152,-0.9022711257951177
554,26493,0.1709115678763235,1.058973285740992,0.9793898079535047,-0.5474896948922904,-0.203738641308575
555,97850,-0.0418715206374676,0.13569406699719447,-0.2471704828421557,-0.2065998848650152,-1.251537368038389
556,43841,0.4634883145827863,-0.32594554237470424,1.5926699533513349,-0.8883795049195655,0.14552760093469636
557,79885,0.6762714030965774,-0.32594554237470424,1.5926699533513349,-0.8883795049195655,0.14552760093469636
558,59316,0.7294671752250251,1.058973285740992,0.9793898079535047,-0.5474896948922904,0.14552760093469636
559,83466,0.1443136818120996,0.5973336763690932,1.5926699533513349,-0.5474896948922904,-0.5530048835518464
560,81510,0.1709115678763235,1.058973285740992,1.5926699533513349,-0.2065998848650152,-0.203738641308575
561,35268,0.30390099819744293,0.5973336763690932,0.3661096625556745,-0.5474896948922904,-1.251537368038389
562,11734,-0.14826306489436317,1.058973285740992,1.5926699533513349,-0.8883795049195655,-0.5530048835518464
563,88411,0.5698798588396818,1.058973285740992,0.3661096625556745,-0.8883795049195655,-0.9022711257951177
564,96269,0.9156523776745924,0.13569406699719447,0.9793898079535047,-0.5474896948922904,-1.251537368038389
565,87683,0.037922137555204065,1.058973285740992,0.9793898079535047,-0.8883795049195655,-1.251537368038389
566,26063,0.9156523776745924,0.5973336763690932,1.5926699533513349,-0.8883795049195655,-0.9022711257951177
567,42479,0.09111790968365184,0.5973336763690932,1.5926699533513349,-0.8883795049195655,-0.9022711257951177
568,58116,-0.14826306489436317,1.058973285740992,0.3661096625556745,-0.5474896948922904,-0.9022711257951177
569,67282,0.6230756309681296,0.5973336763690932,1.5926699533513349,-0.5474896948922904,-1.251537368038389
570,84888,0.995446035867264,0.5973336763690932,0.9793898079535047,-0.5474896948922904,-1.251537368038389
571,75366,0.782662947353473,-0.32594554237470424,-0.2471704828421557,-0.5474896948922904,-0.9022711257951177
572,14377,0.037922137555204065,1.058973285740992,-0.2471704828421557,-0.8883795049195655,0.14552760093469636
573,59074,0.9688481498030401,1.058973285740992,0.9793898079535047,-0.8883795049195655,-0.5530048835518464
574,96534,0.8358587194819207,1.058973285740992,-0.2471704828421557,-0.2065998848650152,-0.203738641308575
575,31870,0.9422502637388163,-0.32594554237470424,0.3661096625556745,-0.2065998848650152,-1.251537368038389
576,24748,1.0220439219314879,0.13569406699719447,0.3661096625556745,-0.8883795049195655,0.14552760093469636
577,68920,-0.12166517883013926,0.5973336763690932,0.3661096625556745,-0.5474896948922904,-0.9022711257951177
578,67637,0.25070522606899515,0.13569406699719447,0.3661096625556745,-0.8883795049195655,0.14552760093469636
579,60839,0.11771579574787573,1.058973285740992,1.5926699533513349,-0.8883795049195655,-0.203738641308575
580,59170,0.8092608334176968,-0.32594554237470424,0.3661096625556745,-0.8883795049195655,-1.251537368038389
581,90586,0.4634883145827863,-0.32594554237470424,1.5926699533513349,-0.2065998848650152,-0.9022711257951177
582,56270,-0.2280567230870348,0.5973336763690932,1.5926699533513349,-0.5474896948922904,0.14552760093469636
583,87670,0.8890544916103685,0.5973336763690932,1.5926699533513349,-0.5474896948922904,-1.251537368038389
584,47703,0.4634883145827863,0.5973336763690932,-0.2471704828421557,-0.8883795049195655,-1.251537368038389
585,35421,-0.015273634573243712,0.5973336763690932,0.9793898079535047,-0.5474896948922904,-0.203738641308575
586,58511,0.11771579574787573,1.058973285740992,0.9793898079535047,-0.8883795049195655,0.14552760093469636
587,76398,-0.09506729276591537,1.058973285740992,0.3661096625556745,-0.8883795049195655,-0.5530048835518464
588,93310,0.9422502637388163,-0.32594554237470424,0.3661096625556745,-0.8883795049195655,0.14552760093469636
589,36836,0.543281972775458,-0.32594554237470424,0.3661096625556745,-0.5474896948922904,-1.251537368038389
590,46373,-0.14826306489436317,-0.32594554237470424,1.5926699533513349,-0.8883795049195655,-0.5530048835518464
591,94700,0.037922137555204065,0.5973336763690932,-0.2471704828421557,-0.2065998848650152,-0.203738641308575
592,67860,0.8890544916103685,0.13569406699719447,-0.2471704828421557,-0.5474896948922904,0.14552760093469636
593,99473,0.516684086711234,0.13569406699719447,0.9793898079535047,-0.2065998848650152,-0.9022711257951177
594,68862,0.8358587194819207,-0.32594554237470424,1.5926699533513349,-0.5474896948922904,-0.9022711257951177
595,93381,0.6762714030965774,-0.32594554237470424,-0.2471704828421557,-0.5474896948922904,0.14552760093469636
596,46548,0.1709115678763235,1.058973285740992,0.9793898079535047,-0.2065998848650152,-0.5530048835518464
597,74083,0.1975094539405474,0.5973336763690932,0.9793898079535047,-0.2065998848650152,-1.251537368038389
598,48660,0.09111790968365184,1.058973285740992,1.5926699533513349,-0.2065998848650152,-0.9022711257951177
599,13720,0.782662947353473,0.13569406699719447,0.9793898079535047,-0.5474896948922904,-0.5530048835518464
600,72339,0.5964777449039057,0.5973336763690932,-0.2471704828421557,-0.2065998848650152,-1.251537368038389
601,99284,0.8890544916103685,1.058973285740992,1.5926699533513349,-0.8883795049195655,-1.251537368038389
602,47198,-0.0418715206374676,0.13569406699719447,0.9793898079535047,-0.8883795049195655,-0.5530048835518464
603,67415,0.06452002361942795,1.058973285740992,0.9793898079535047,-0.8883795049195655,-0.9022711257951177
604,44403,0.6762714030965774,0.5973336763690932,0.3661096625556745,-0.2065998848650152,-0.203738641308575
605,58276,-0.20145883702281092,1.058973285740992,0.3661096625556745,-0.8883795049195655,-0.5530048835518464
606,85234,0.037922137555204065,0.13569406699719447,-0.2471704828421557,-0.2065998848650152,-0.203738641308575
607,31948,0.756065061289249,0.13569406699719447,0.3661096625556745,-0.5474896948922904,-0.203738641308575
608,90191,-0.015273634573243712,0.5973336763690932,0.3661096625556745,-0.5474896948922904,-1.251537368038389
609,49341,0.33049888426166685,-0.32594554237470424,0.9793898079535047,-0.5474896948922904,-1.251537368038389
610,11562,0.09111790968365184,-0.32594554237470424,0.3661096625556745,-0.2065998848650152,-1.251537368038389
611,16253,0.11771579574787573,1.058973285740992,-0.2471704828421557,-0.5474896948922904,-1.251537368038389
612,80623,0.30390099819744293,1.058973285740992,0.9793898079535047,-0.5474896948922904,-0.203738641308575
614,50598,1.5805995292801895,1.9822525044847894,-0.860450628239986,2.861408405380461,-1.251537368038389
617,89832,1.6337953014086373,2.443892113856688,-0.860450628239986,2.861408405380461,-0.5530048835518464
626,20337,1.5008058710875178,1.5206128951128906,-0.860450628239986,1.1569593552440853,-0.9022711257951177
629,75009,1.3146206686379507,1.9822525044847894,-0.860450628239986,4.224967645489562,-1.251537368038389
643,91575,1.6603931874728612,2.443892113856688,-0.860450628239986,2.179628785325911,-0.5530048835518464
644,60190,1.6869910735370852,1.9822525044847894,-1.4737307736378162,1.8387389752986358,-0.5530048835518464
654,51826,1.6071974153444135,2.443892113856688,-1.4737307736378162,4.224967645489562,-0.9022711257951177
656,51108,1.713588959601309,2.443892113856688,-0.860450628239986,2.5205185953531863,-1.251537368038389
657,60732,1.3146206686379507,2.443892113856688,-0.860450628239986,3.5431880254350117,-0.5530048835518464
